filename,transcription
342 De Dios Street 10.wav,Hi Bea
342 De Dios Street 100.wav,Hi Bea
342 De Dios Street 101.wav,Hello Bea
342 De Dios Street 102.wav,Hi Bea
342 De Dios Street 104.wav,Hello Bea
342 De Dios Street 105.wav,Hi Bea
342 De Dios Street 106.wav,Hi Bea
342 De Dios Street 107.wav,Hi Bea
342 De Dios Street 108.wav,Hello Bea
342 De Dios Street 109.wav,Hello b
342 De Dios Street 11.wav,Hello Bea
342 De Dios Street 110.wav,Hi Bea
342 De Dios Street 111.wav,Hi Bea
342 De Dios Street 112.wav,Hi Bea
342 De Dios Street 113.wav,Hi Bea
342 De Dios Street 114.wav,Hello Bea
342 De Dios Street 12.wav,Hi Bea
342 De Dios Street 2.wav,Hi Bea
342 De Dios Street 26.wav,Hello Bea
342 De Dios Street 27.wav,Hello Bea
342 De Dios Street 28.wav,Hi Bea
342 De Dios Street 29.wav,Hi Bea
342 De Dios Street 3.wav,Hello Bea
342 De Dios Street 30.wav,Hello Bea
342 De Dios Street 32.wav,Hi Bea
342 De Dios Street 34.wav,Hello Bea
342 De Dios Street 35.wav,Hello Bea
342 De Dios Street 36.wav,Hello Bea
342 De Dios Street 37.wav,Hello Bea
342 De Dios Street 38.wav,Hello Bea
342 De Dios Street 39.wav,Hello Bea
342 De Dios Street 4.wav,Hello Bea
342 De Dios Street 40.wav,Hello Bea
342 De Dios Street 41.wav,Hello Bea
342 De Dios Street 42.wav,Hi Bea
342 De Dios Street 43.wav,Hello Bea
342 De Dios Street 44.wav,Hi Bea
342 De Dios Street 45.wav,Hello Bea
342 De Dios Street 46.wav,Hello Bea
342 De Dios Street 48.wav,Hello Bea
342 De Dios Street 49.wav,Hi Bea
342 De Dios Street 5.wav,Hi Bea
342 De Dios Street 50.wav,Hi Bea
342 De Dios Street 52.wav,Hello Bea
342 De Dios Street 53.wav,Hello Bea
342 De Dios Street 54.wav,Hi Bea
342 De Dios Street 55.wav,Hello Bea
342 De Dios Street 56.wav,Hello beya
342 De Dios Street 57.wav,Hello Bea
342 De Dios Street 58.wav,Hi Bea
342 De Dios Street 59.wav,Hello Bea
342 De Dios Street 6.wav,Hi Bea
342 De Dios Street 60.wav,Hello Bea
342 De Dios Street 61.wav,Hello Bea
342 De Dios Street 62.wav,Hello beau
342 De Dios Street 63.wav,Hi Bea
342 De Dios Street 64.wav,Hi Bea
342 De Dios Street 65.wav,Hi Bea
342 De Dios Street 66.wav,Hi Bea
342 De Dios Street 67.wav,Hello Bea
342 De Dios Street 68.wav,Hi Bea
342 De Dios Street 69.wav,Hello Bea
342 De Dios Street 7.wav,Hello Bea
342 De Dios Street 70.wav,Hi Bea
342 De Dios Street 71.wav,Hello Bea
342 De Dios Street 72.wav,Hi Bea
342 De Dios Street 73.wav,Hello Bea
342 De Dios Street 74.wav,Hi Bea
342 De Dios Street 75.wav,Hello Bea
342 De Dios Street 76.wav,Hi Bea
342 De Dios Street 77.wav,Hello Bea
342 De Dios Street 78.wav,Hi Bea
342 De Dios Street 79.wav,Hello Bea
342 De Dios Street 81.wav,Hello Bea
342 De Dios Street 82.wav,Hi Bea
342 De Dios Street 83.wav,Hi Bea
342 De Dios Street 84.wav,Hi Bea
342 De Dios Street 85.wav,Hello Bea
342 De Dios Street 86.wav,Hello Bea
342 De Dios Street 87.wav,Hi Bea
342 De Dios Street 88.wav,Hello Bea
342 De Dios Street 89.wav,Hello Bea
342 De Dios Street 9.wav,Hello Bea
342 De Dios Street 90.wav,Hello Bea
342 De Dios Street 91.wav,Hello Bea
342 De Dios Street 92.wav,Hi Bea
342 De Dios Street 93.wav,Hello Bea
342 De Dios Street 94.wav,Hi Bea
342 De Dios Street 95.wav,Hi Bea
342 De Dios Street 96.wav,Hi Bea
342 De Dios Street 97.wav,Hello Bea
342 De Dios Street 98.wav,Hi Bea
342 De Dios Street 99.wav,Hello Bea
342 De Dios Street.wav,Hello Bea
